{"mean": [0.19383118, 0.19383118, 0.19383118],"std": [0.142633, 0.142633, 0.142633]}